镜头编号,集,场,镜,景别,角度,运镜,时长(秒),地点,时间,主体,画面描述,对话,光线,声音,入转场,出转场,备注
S01E01C0101,1,1,1,全景,平视,固定,1.836,出租屋,夜,出租屋,出租屋 场景建立,,,,硬切,硬切,交代环境和时空
S01E01C0102,1,1,2,特写,平视,固定,1.8,出租屋,夜,手机屏幕亮起,手机屏幕亮起: 【您已被公司优化】...,【您已被公司优化】,,,硬切,硬切,对话镜头
S01E01C0103,1,1,3,近景,平视,固定,2.8,出租屋,夜,陈默,陈默: 又失业了...第三次了......,又失业了...第三次了...,,,硬切,硬切,对话镜头，自言自语
S01E01C0104,1,1,4,特写,平视,固定,2.7439999999999998,出租屋,夜,陈默,陈默: 这些岗位...都要求会AI工具，我哪会啊...,这些岗位...都要求会AI工具，我哪会啊...,,,硬切,硬切,对话镜头，叹气
S01E01C0201,1,2,1,全景,平视,固定,1.756,街道,日,街道,街道 场景建立,,,,硬切,硬切,交代环境和时空
S01E01C0202,1,2,2,特写,平视,固定,5.6,街道,日,广告画外音,广告画外音: 还在为视频剪辑烦恼？AI视频编辑器，一句...,还在为视频剪辑烦恼？AI视频编辑器，一句话生成专业视频！,,,硬切,硬切,对话镜头
S01E01C0203,1,2,3,近景,平视,固定,1.4239999999999995,街道,日,陈默,陈默: AI...视频编辑器？...,AI...视频编辑器？,,,硬切,硬切,对话镜头，疑惑
S01E01C0301,1,3,1,全景,平视,固定,1.9320000000000002,出租屋,夜,出租屋,出租屋 场景建立,,,,硬切,硬切,交代环境和时空
S01E01C0302,1,3,2,特写,平视,固定,2.8,出租屋,夜,陈默,陈默: 这...这就完了？才30秒？...,这...这就完了？才30秒？,,,硬切,硬切,对话镜头，震惊
S01E01C0303,1,3,3,近景,平视,固定,2.4,出租屋,夜,陈默,陈默: 我...我也能做视频了！...,我...我也能做视频了！,,,硬切,硬切,对话镜头，站起来
S01E01C0304,1,3,4,中景,平视,右移,2.528,出租屋,夜,,动作镜头: 陈默坐在电脑前，下载了AI视频编辑器。,,,,硬切,硬切,动作/转场镜头
S01E01C0401,1,4,1,全景,平视,固定,3.0,咖啡馆,日,咖啡馆,咖啡馆 场景建立,,,,硬切,硬切,交代环境和时空
S01E01C0402,1,4,2,特写,平视,固定,1.8,咖啡馆,日,王总,王总: 陈默？你怎么在这？...,陈默？你怎么在这？,,,硬切,硬切,对话镜头，惊讶
S01E01C0403,1,4,3,近景,平视,固定,3.4,咖啡馆,日,陈默,陈默: 王总，好久不见。我现在做视频创作。...,王总，好久不见。我现在做视频创作。,,,硬切,硬切,对话镜头，微笑
S01E01C0404,1,4,4,特写,平视,固定,4.2,咖啡馆,日,王总,王总: 视频？你？别开玩笑了，你连PPT都做不好...,视频？你？别开玩笑了，你连PPT都做不好。,,,硬切,硬切,对话镜头，不屑
S01E01C0405,1,4,5,近景,平视,固定,1.5,咖啡馆,日,陈默,陈默: 您看看这个。...,您看看这个。,,,硬切,硬切,对话镜头，平静地打开电脑
S01E01C0406,1,4,6,特写,平视,固定,1.5,咖啡馆,日,听者,听者反应镜头,,,,硬切,硬切,反应镜头，增强对话张力
S01E01C0407,1,4,7,特写,平视,固定,2.0,咖啡馆,日,王总,王总: 这...这是你做的？...,这...这是你做的？,,,硬切,硬切,对话镜头，结巴
S01E01C0408,1,4,8,近景,平视,固定,2.2,咖啡馆,日,陈默,陈默: 用AI视频编辑器做的。...,用AI视频编辑器做的。,,,硬切,硬切,对话镜头，点头
S01E01C0409,1,4,9,特写,平视,固定,2.379999999999998,咖啡馆,日,王总,王总: 那个...我们公司正好需要一个视频团队，...,那个...我们公司正好需要一个视频团队，你有没有兴趣...,,,硬切,硬切,对话镜头，坐下
S01E01C0501,1,5,1,全景,平视,固定,1.32,天台,黄昏,天台,天台 场景建立,,,,硬切,硬切,交代环境和时空
S01E01C0502,1,5,2,特写,平视,固定,3.0,天台,黄昏,陈默,陈默: 原来，翻身只需要一个对的工具。...,原来，翻身只需要一个对的工具。,,,硬切,硬切,对话镜头，对自己说
S01E01C0503,1,5,3,近景,平视,固定,2.2799999999999994,天台,黄昏,字幕,字幕: AI视频编辑器 —— 让每个人都能创造精...,AI视频编辑器 —— 让每个人都能创造精彩,,,硬切,硬切,对话镜头
